Año,Codigo_Dep,Departamento,Codigo_Mun,Municipio,No. Muestras,IRCA,Nivel de riesgo
2018,91,Amazonas,91001,Leticia,95,19.85,Medio
2018,91,Amazonas,91540,Puerto Nariño,24,28.88,Medio
2018,5,Antioquia,5002,Abejorral,67,0.69,Sin riesgo
2018,5,Antioquia,5004,Abriaquí,35,4.36,Sin riesgo
2018,5,Antioquia,5021,Alejandría,36,2.5,Sin riesgo
2018,5,Antioquia,5030,Amagá,34,0,Sin riesgo
2018,5,Antioquia,5031,Amalfi,71,0.75,Sin riesgo
2018,5,Antioquia,5034,Andes,68,3.01,Sin riesgo
2018,5,Antioquia,5036,Angelópolis,36,2.55,Sin riesgo
2018,5,Antioquia,5038,Angostura,35,0,Sin riesgo
2018,5,Antioquia,5040,Anorí,36,1.59,Sin riesgo
2018,5,Antioquia,5044,Anza,36,0.54,Sin riesgo
2018,5,Antioquia,5045,Apartadó,137,0.79,Sin riesgo
2018,5,Antioquia,5051,Arboletes,34,1.87,Sin riesgo
2018,5,Antioquia,5055,Argelia,33,81.68,Inviable sanitariamente
2018,5,Antioquia,5059,Armenia,33,0.8,Sin riesgo
2018,5,Antioquia,5079,Barbosa,59,0.06,Sin riesgo
2018,5,Antioquia,5088,Bello,144,1.21,Sin riesgo
2018,5,Antioquia,5086,Belmira,36,1.08,Sin riesgo
2018,5,Antioquia,5091,Betania,36,2.7,Sin riesgo
2018,5,Antioquia,5093,Betulia,36,0,Sin riesgo
2018,5,Antioquia,5107,Briceño,36,2.01,Sin riesgo
2018,5,Antioquia,5113,Buriticá,35,0,Sin riesgo
2018,5,Antioquia,5120,Cáceres,35,3.55,Sin riesgo
2018,5,Antioquia,5125,Caicedo,35,0,Sin riesgo
2018,5,Antioquia,5129,Caldas,86,6.48,Bajo
2018,5,Antioquia,5134,Campamento,36,2,Sin riesgo
2018,5,Antioquia,5138,Cañasgordas,36,0.54,Sin riesgo
2018,5,Antioquia,5142,Caracolí,35,0.26,Sin riesgo
2018,5,Antioquia,5145,Caramanta,36,0,Sin riesgo
2018,5,Antioquia,5147,Carepa,57,3.83,Sin riesgo
2018,5,Antioquia,5150,Carolina,36,0.74,Sin riesgo
2018,5,Antioquia,5154,Caucasia,223,1.55,Sin riesgo
2018,5,Antioquia,5172,Chigorodó,60,0.32,Sin riesgo
2018,5,Antioquia,5190,Cisneros,48,23.31,Medio
2018,5,Antioquia,5101,Ciudad Bolívar,108,6.23,Bajo
2018,5,Antioquia,5197,Cocorná,36,2.84,Sin riesgo
2018,5,Antioquia,5206,Concepción,35,0.63,Sin riesgo
2018,5,Antioquia,5209,Concordia,36,0,Sin riesgo
2018,5,Antioquia,5212,Copacabana,84,0.7,Sin riesgo
2018,5,Antioquia,5234,Dabeiba,71,0.27,Sin riesgo
2018,5,Antioquia,5237,Don Matías,36,0,Sin riesgo
2018,5,Antioquia,5240,Ebéjico,36,5.41,Bajo
2018,5,Antioquia,5250,El Bagre,60,1.05,Sin riesgo
2018,5,Antioquia,5148,El Carmen De Viboral,60,0.44,Sin riesgo
2018,5,Antioquia,5697,El Santuario,72,0.3,Sin riesgo
2018,5,Antioquia,5264,Entrerrios,36,6.5,Bajo
2018,5,Antioquia,5266,Envigado,40,0,Sin riesgo
2018,5,Antioquia,5282,Fredonia,36,0,Sin riesgo
2018,5,Antioquia,5284,Frontino,71,0,Sin riesgo
2018,5,Antioquia,5306,Giraldo,37,4.45,Sin riesgo
2018,5,Antioquia,5308,Girardota,59,0,Sin riesgo
2018,5,Antioquia,5310,Gómez Plata,36,0.54,Sin riesgo
2018,5,Antioquia,5313,Granada,36,1.47,Sin riesgo
2018,5,Antioquia,5315,Guadalupe,36,1.28,Sin riesgo
2018,5,Antioquia,5318,Guarne,36,0,Sin riesgo
2018,5,Antioquia,5321,Guatape,36,0.74,Sin riesgo
2018,5,Antioquia,5347,Heliconia,35,0.55,Sin riesgo
2018,5,Antioquia,5353,Hispania,37,0.62,Sin riesgo
2018,5,Antioquia,5360,Itagui,117,0.03,Sin riesgo
2018,5,Antioquia,5361,Ituango,36,0.61,Sin riesgo
2018,5,Antioquia,5364,Jardín,36,0.54,Sin riesgo
2018,5,Antioquia,5368,Jericó,36,0.74,Sin riesgo
2018,5,Antioquia,5376,La Ceja,131,0.6,Sin riesgo
2018,5,Antioquia,5380,La Estrella,58,0,Sin riesgo
2018,5,Antioquia,5390,La Pintada,35,2.07,Sin riesgo
2018,5,Antioquia,5400,La Unión,36,0.54,Sin riesgo
2018,5,Antioquia,5411,Liborina,36,0,Sin riesgo
2018,5,Antioquia,5425,Maceo,35,0,Sin riesgo
2018,5,Antioquia,5440,Marinilla,60,0.38,Sin riesgo
2018,5,Antioquia,5001,Medellín,1938,0.69,Sin riesgo
2018,5,Antioquia,5467,Montebello,35,5.57,Bajo
2018,5,Antioquia,5480,Mutatá,72,0.56,Sin riesgo
2018,5,Antioquia,5483,Nariño,34,4.21,Sin riesgo
2018,5,Antioquia,5495,Nechí,34,0.78,Sin riesgo
2018,5,Antioquia,5490,Necoclí,36,3.56,Sin riesgo
2018,5,Antioquia,5501,Olaya,80,5.42,Bajo
2018,5,Antioquia,5541,Peñol,36,0.59,Sin riesgo
2018,5,Antioquia,5543,Peque,34,3.06,Sin riesgo
2018,5,Antioquia,5576,Pueblorrico,36,1.08,Sin riesgo
2018,5,Antioquia,5579,Puerto Berrío,57,0.34,Sin riesgo
2018,5,Antioquia,5585,Puerto Nare,108,1.57,Sin riesgo
2018,5,Antioquia,5591,Puerto Triunfo,139,4.3,Sin riesgo
2018,5,Antioquia,5604,Remedios,36,0.64,Sin riesgo
2018,5,Antioquia,5607,Retiro,72,3.11,Sin riesgo
2018,5,Antioquia,5615,Rionegro,58,0,Sin riesgo
2018,5,Antioquia,5628,Sabanalarga,36,0.74,Sin riesgo
2018,5,Antioquia,5631,Sabaneta,49,1.79,Sin riesgo
2018,5,Antioquia,5642,Salgar,36,0,Sin riesgo
2018,5,Antioquia,5647,San Andrés De Cuerquía,35,4.14,Sin riesgo
2018,5,Antioquia,5649,San Carlos,36,2.73,Sin riesgo
2018,5,Antioquia,5652,San Francisco,36,3.78,Sin riesgo
2018,5,Antioquia,5656,San Jerónimo,37,1.43,Sin riesgo
2018,5,Antioquia,5658,San José De La Montaña,36,0.81,Sin riesgo
2018,5,Antioquia,5659,San Juan De Urabá,32,12.21,Bajo
2018,5,Antioquia,5660,San Luis,72,2.7,Sin riesgo
2018,5,Antioquia,5664,San Pedro De Los Milagros,35,0.06,Sin riesgo
2018,5,Antioquia,5665,San Pedro De Uraba,36,1.37,Sin riesgo
2018,5,Antioquia,5667,San Rafael,36,0,Sin riesgo
2018,5,Antioquia,5670,San Roque,36,1.27,Sin riesgo
2018,5,Antioquia,5674,San Vicente,36,0.54,Sin riesgo
2018,5,Antioquia,5679,Santa Bárbara,36,0.05,Sin riesgo
2018,5,Antioquia,5686,Santa Rosa De Osos,60,0.24,Sin riesgo
2018,5,Antioquia,5042,Santafé De Antioquia,36,0,Sin riesgo
2018,5,Antioquia,5690,Santo Domingo,36,1.08,Sin riesgo
2018,5,Antioquia,5736,Segovia,59,2.66,Sin riesgo
2018,5,Antioquia,5756,Sonson,47,11.04,Bajo
2018,5,Antioquia,5761,Sopetrán,34,0,Sin riesgo
2018,5,Antioquia,5789,Támesis,36,0.64,Sin riesgo
2018,5,Antioquia,5790,Tarazá,72,17.71,Medio
2018,5,Antioquia,5792,Tarso,34,0,Sin riesgo
2018,5,Antioquia,5809,Titiribí,72,0.64,Sin riesgo
2018,5,Antioquia,5819,Toledo,34,38.94,Alto
2018,5,Antioquia,5837,Turbo,95,1.79,Sin riesgo
2018,5,Antioquia,5842,Uramita,70,3.31,Sin riesgo
2018,5,Antioquia,5847,Urrao,36,0.1,Sin riesgo
2018,5,Antioquia,5854,Valdivia,36,0.54,Sin riesgo
2018,5,Antioquia,5856,Valparaíso,36,0,Sin riesgo
2018,5,Antioquia,5858,Vegachí,35,0.61,Sin riesgo
2018,5,Antioquia,5861,Venecia,36,0,Sin riesgo
2018,5,Antioquia,5885,Yalí,33,2.15,Sin riesgo
2018,5,Antioquia,5887,Yarumal,72,3.94,Sin riesgo
2018,5,Antioquia,5890,Yolombó,36,0.81,Sin riesgo
2018,5,Antioquia,5893,Yondó,35,1.41,Sin riesgo
2018,5,Antioquia,5895,Zaragoza,54,46.35,Alto
2018,81,Arauca,81001,Arauca,198,1.33,Sin riesgo
2018,81,Arauca,81065,Arauquita,82,0.06,Sin riesgo
2018,81,Arauca,81220,Cravo Norte,85,6.36,Bajo
2018,81,Arauca,81300,Fortul,83,2.15,Sin riesgo
2018,81,Arauca,81591,Puerto Rondón,85,0.84,Sin riesgo
2018,81,Arauca,81736,Saravena,86,0.28,Sin riesgo
2018,81,Arauca,81794,Tame,88,1.35,Sin riesgo
2018,88,"Archipiélago de San Andrés, Providencia y Santa Catalina",88564,Providencia,6,36.84,Alto
2018,88,"Archipiélago de San Andrés, Providencia y Santa Catalina",88001,San Andrés,84,1.84,Sin riesgo
2018,8,Atlántico,8078,Baranoa,58,4.41,Sin riesgo
2018,8,Atlántico,8001,Barranquilla,263,0,Sin riesgo
2018,8,Atlántico,8137,Campo De La Cruz,47,18.03,Medio
2018,8,Atlántico,8141,Candelaria,56,3.1,Sin riesgo
2018,8,Atlántico,8296,Galapa,79,1.43,Sin riesgo
2018,8,Atlántico,8372,Juan De Acosta,63,0,Sin riesgo
2018,8,Atlántico,8421,Luruaco,118,14.51,Medio
2018,8,Atlántico,8433,Malambo,72,1.77,Sin riesgo
2018,8,Atlántico,8436,Manatí,64,2.07,Sin riesgo
2018,8,Atlántico,8520,Palmar De Varela,33,0,Sin riesgo
2018,8,Atlántico,8549,Piojó,38,0.49,Sin riesgo
2018,8,Atlántico,8558,Polonuevo,40,0,Sin riesgo
2018,8,Atlántico,8560,Ponedera,78,3.39,Sin riesgo
2018,8,Atlántico,8573,Puerto Colombia,45,0,Sin riesgo
2018,8,Atlántico,8606,Repelón,66,28.41,Medio
2018,8,Atlántico,8634,Sabanagrande,33,0,Sin riesgo
2018,8,Atlántico,8638,Sabanalarga,157,34.5,Medio
2018,8,Atlántico,8675,Santa Lucía,34,13.96,Bajo
2018,8,Atlántico,8685,Santo Tomás,33,0,Sin riesgo
2018,8,Atlántico,8758,Soledad,179,0.01,Sin riesgo
2018,8,Atlántico,8770,Suan,35,9.29,Bajo
2018,8,Atlántico,8832,Tubará,82,18.42,Medio
2018,8,Atlántico,8849,Usiacurí,32,0,Sin riesgo
2018,11,"Bogotá, D.C.",11001,"Bogotá, D.C.",2528,3.29,Sin riesgo
2018,13,Bolívar,13006,Achí,24,61.09,Alto
2018,13,Bolívar,13030,Altos Del Rosario,21,60,Alto
2018,13,Bolívar,13042,Arenal,17,60.68,Alto
2018,13,Bolívar,13052,Arjona,20,5.63,Bajo
2018,13,Bolívar,13062,Arroyohondo,6,76.1,Alto
2018,13,Bolívar,13074,Barrao De Loba,32,32.36,Medio
2018,13,Bolívar,13140,Calamar,28,45.09,Alto
2018,13,Bolívar,13160,Cantagallo,28,15.63,Medio
2018,13,Bolívar,13001,Cartagena,411,0,Sin riesgo
2018,13,Bolívar,13188,Cicuco,30,5.02,Sin riesgo
2018,13,Bolívar,13222,Clemencia,31,20.17,Medio
2018,13,Bolívar,13212,Córdoba,20,18.94,Medio
2018,13,Bolívar,13244,El Carmen De Bolívar,28,0,Sin riesgo
2018,13,Bolívar,13248,El Guamo,15,40.48,Alto
2018,13,Bolívar,13268,El Peñón,20,51.96,Alto
2018,13,Bolívar,13300,Hatillo De Loba,26,78.72,Alto
2018,13,Bolívar,13430,Magangué,32,0,Sin riesgo
2018,13,Bolívar,13433,Mahates,56,42.81,Alto
2018,13,Bolívar,13440,Margarita,32,86.26,Inviable sanitariamente
2018,13,Bolívar,13442,María La Baja,24,43.81,Alto
2018,13,Bolívar,13468,Mompós,24,40.03,Alto
2018,13,Bolívar,13458,Montecristo,15,43.33,Alto
2018,13,Bolívar,13473,Morales,32,21.09,Medio
2018,13,Bolívar,13490,Norosí,32,42.97,Alto
2018,13,Bolívar,13549,Pinillos,28,40.15,Alto
2018,13,Bolívar,13580,Regidor,27,29.32,Medio
2018,13,Bolívar,13600,Río Viejo,28,25.26,Medio
2018,13,Bolívar,13620,San Cristóbal,26,36.77,Alto
2018,13,Bolívar,13650,San Fernando,27,49.21,Alto
2018,13,Bolívar,13655,San Jacinto Del Cauca,28,23.45,Medio
2018,13,Bolívar,13657,San Juan Nepomuceno,6,35.27,Alto
2018,13,Bolívar,13667,San Martín De Loba,20,30.04,Medio
2018,13,Bolívar,13670,San Pablo,28,0,Sin riesgo
2018,13,Bolívar,13673,Santa Catalina,20,88.15,Inviable sanitariamente
2018,13,Bolívar,13683,Santa Rosa,91,41.77,Alto
2018,13,Bolívar,13688,Santa Rosa Del Sur,32,0,Sin riesgo
2018,13,Bolívar,13744,Simití,32,1.25,Sin riesgo
2018,13,Bolívar,13780,Talaigua Nuevo,28,13.42,Bajo
2018,13,Bolívar,13810,Tiquisio,32,60.32,Alto
2018,13,Bolívar,13836,Turbaco,24,4.69,Sin riesgo
2018,13,Bolívar,13838,Turbaná,32,25.75,Medio
2018,13,Bolívar,13894,Zambrano,20,14.38,Medio
2018,15,Boyacá,15022,Almeida,8,0,Sin riesgo
2018,15,Boyacá,15047,Aquitania,11,0,Sin riesgo
2018,15,Boyacá,15051,Arcabuco,13,21.8,Medio
2018,15,Boyacá,15087,Belén,11,6.33,Bajo
2018,15,Boyacá,15090,Berbeo,9,6.07,Bajo
2018,15,Boyacá,15092,Betéitiva,12,11.87,Bajo
2018,15,Boyacá,15097,Boavita,12,3.18,Sin riesgo
2018,15,Boyacá,15104,Boyacá,16,1.47,Sin riesgo
2018,15,Boyacá,15106,Briceño,11,7.92,Bajo
2018,15,Boyacá,15109,Buenavista,10,4.76,Sin riesgo
2018,15,Boyacá,15114,Busbanzá,10,2.12,Sin riesgo
2018,15,Boyacá,15131,Caldas,8,19.63,Medio
2018,15,Boyacá,15135,Campohermoso,9,1.53,Sin riesgo
2018,15,Boyacá,15162,Cerinza,10,6.56,Bajo
2018,15,Boyacá,15172,Chinavita,12,4.05,Sin riesgo
2018,15,Boyacá,15176,Chiquinquirá,58,7.04,Bajo
2018,15,Boyacá,15232,Chíquiza,10,5.27,Bajo
2018,15,Boyacá,15180,Chiscas,10,0.7,Sin riesgo
2018,15,Boyacá,15183,Chita,7,5.39,Bajo
2018,15,Boyacá,15185,Chitaraque,8,13.43,Bajo
2018,15,Boyacá,15187,Chivatá,23,0.34,Sin riesgo
2018,15,Boyacá,15236,Chivor,6,3.01,Sin riesgo
2018,15,Boyacá,15189,Ciénega,12,8.19,Bajo
2018,15,Boyacá,15204,Cómbita,28,11.57,Bajo
2018,15,Boyacá,15212,Coper,9,5.97,Bajo
2018,15,Boyacá,15215,Corrales,16,9.98,Bajo
2018,15,Boyacá,15218,Covarachía,11,2.73,Sin riesgo
2018,15,Boyacá,15223,Cubará,8,0,Sin riesgo
2018,15,Boyacá,15224,Cucaita,16,20.09,Medio
2018,15,Boyacá,15226,Cuítiva,8,2.3,Sin riesgo
2018,15,Boyacá,15238,Duitama,180,0.42,Sin riesgo
2018,15,Boyacá,15244,El Cocuy,10,0.69,Sin riesgo
2018,15,Boyacá,15248,El Espino,9,3.01,Sin riesgo
2018,15,Boyacá,15272,Firavitoba,9,2.15,Sin riesgo
2018,15,Boyacá,15276,Floresta,12,0,Sin riesgo
2018,15,Boyacá,15293,Gachantivá,10,0.71,Sin riesgo
2018,15,Boyacá,15296,Gameza,24,15.18,Medio
2018,15,Boyacá,15299,Garagoa,26,18.01,Medio
2018,15,Boyacá,15317,Guacamayas,8,4.6,Sin riesgo
2018,15,Boyacá,15322,Guateque,18,4.83,Sin riesgo
2018,15,Boyacá,15325,Guayatá,11,9.05,Bajo
2018,15,Boyacá,15332,Güicán,10,3.8,Sin riesgo
2018,15,Boyacá,15362,Iza,9,0,Sin riesgo
2018,15,Boyacá,15367,Jenesano,11,0.78,Sin riesgo
2018,15,Boyacá,15368,Jericó,8,2.3,Sin riesgo
2018,15,Boyacá,15380,La Capilla,15,32.84,Medio
2018,15,Boyacá,15403,La Uvita,10,1.7,Sin riesgo
2018,15,Boyacá,15401,La Victoria,8,6.91,Bajo
2018,15,Boyacá,15377,Labranzagrande,9,0,Sin riesgo
2018,15,Boyacá,15425,Macanal,10,0,Sin riesgo
2018,15,Boyacá,15442,Maripí,21,8.71,Bajo
2018,15,Boyacá,15455,Miraflores,13,0.28,Sin riesgo
2018,15,Boyacá,15464,Mongua,12,10.65,Bajo
2018,15,Boyacá,15466,Monguí,18,42.15,Alto
2018,15,Boyacá,15469,Moniquirá,26,16.61,Medio
2018,15,Boyacá,15476,Motavita,15,11.43,Bajo
2018,15,Boyacá,15480,Muzo,9,0,Sin riesgo
2018,15,Boyacá,15491,Nobsa,40,1.83,Sin riesgo
2018,15,Boyacá,15494,Nuevo Colón,15,7.05,Bajo
2018,15,Boyacá,15500,Oicatá,18,5.57,Bajo
2018,15,Boyacá,15507,Otahe,10,0,Sin riesgo
2018,15,Boyacá,15511,Pachavita,10,8.65,Bajo
2018,15,Boyacá,15514,Páez,8,2.42,Sin riesgo
2018,15,Boyacá,15516,Paipa,36,1.22,Sin riesgo
2018,15,Boyacá,15518,Pajarito,9,0,Sin riesgo
2018,15,Boyacá,15522,Panqueba,9,0,Sin riesgo
2018,15,Boyacá,15531,Pauna,8,0.41,Sin riesgo
2018,15,Boyacá,15533,Paya,8,0.47,Sin riesgo
2018,15,Boyacá,15537,Paz De Río,11,5.79,Bajo
2018,15,Boyacá,15542,Pesca,12,4.3,Sin riesgo
2018,15,Boyacá,15550,Pisba,6,8.13,Bajo
2018,15,Boyacá,15572,Puerto Boyacá,42,4.73,Sin riesgo
2018,15,Boyacá,15580,Quípama,9,4.16,Sin riesgo
2018,15,Boyacá,15599,Ramiriquí,16,3.73,Sin riesgo
2018,15,Boyacá,15600,Ráquira,10,24.11,Medio
2018,15,Boyacá,15621,Rondón,9,4.3,Sin riesgo
2018,15,Boyacá,15632,Saboyá,10,16.29,Medio
2018,15,Boyacá,15638,Sáchica,12,10.8,Bajo
2018,15,Boyacá,15646,Samacá,29,9.81,Bajo
2018,15,Boyacá,15660,San Eduardo,10,0,Sin riesgo
2018,15,Boyacá,15664,San José De Pare,8,0,Sin riesgo
2018,15,Boyacá,15667,San Luis De Gaceno,11,0.1,Sin riesgo
2018,15,Boyacá,15673,San Mateo,11,16.34,Medio
2018,15,Boyacá,15676,San Miguel De Sema,9,2.98,Sin riesgo
2018,15,Boyacá,15681,San Pablo De Borbur,10,2.09,Sin riesgo
2018,15,Boyacá,15690,Santa María,10,4.61,Sin riesgo
2018,15,Boyacá,15693,Santa Rosa De Viterbo,11,8.57,Bajo
2018,15,Boyacá,15696,Santa Sofía,9,1.41,Sin riesgo
2018,15,Boyacá,15686,Santana,10,1.85,Sin riesgo
2018,15,Boyacá,15720,Sativanorte,9,0,Sin riesgo
2018,15,Boyacá,15723,Sativasur,9,12.89,Bajo
2018,15,Boyacá,15740,Siachoque,15,32.7,Medio
2018,15,Boyacá,15753,Soatá,11,0,Sin riesgo
2018,15,Boyacá,15757,Socha,11,1.74,Sin riesgo
2018,15,Boyacá,15755,Socotá,10,16.16,Medio
2018,15,Boyacá,15759,Sogamoso,175,0.05,Sin riesgo
2018,15,Boyacá,15761,Somondoco,9,4.57,Sin riesgo
2018,15,Boyacá,15762,Sora,11,0.43,Sin riesgo
2018,15,Boyacá,15764,Soracá,15,11.16,Bajo
2018,15,Boyacá,15763,Sotaquirá,10,0,Sin riesgo
2018,15,Boyacá,15774,Susacón,14,8.23,Bajo
2018,15,Boyacá,15776,Sutamarchán,9,18.63,Medio
2018,15,Boyacá,15778,Sutatenza,8,3.09,Sin riesgo
2018,15,Boyacá,15790,Tasco,10,0,Sin riesgo
2018,15,Boyacá,15798,Tenza,8,0,Sin riesgo
2018,15,Boyacá,15804,Tibaná,11,0,Sin riesgo
2018,15,Boyacá,15806,Tibasosa,16,3.03,Sin riesgo
2018,15,Boyacá,15808,Tinjacá,10,11.61,Bajo
2018,15,Boyacá,15810,Tipacoque,9,0,Sin riesgo
2018,15,Boyacá,15814,Toca,12,12.06,Bajo
2018,15,Boyacá,15816,Togüí,9,3.13,Sin riesgo
2018,15,Boyacá,15820,Tópaga,16,30.6,Medio
2018,15,Boyacá,15822,Tota,10,6.71,Bajo
2018,15,Boyacá,15001,Tunja,282,5.28,Bajo
2018,15,Boyacá,15832,Tununguá,8,13.25,Bajo
2018,15,Boyacá,15835,Turmequé,12,0.31,Sin riesgo
2018,15,Boyacá,15837,Tuta,17,0.42,Sin riesgo
2018,15,Boyacá,15839,Tutazá,18,5.16,Bajo
2018,15,Boyacá,15842,Umbita,9,0.52,Sin riesgo
2018,15,Boyacá,15861,Ventaquemada,16,0.73,Sin riesgo
2018,15,Boyacá,15407,Villa De Leyva,55,3.12,Sin riesgo
2018,15,Boyacá,15879,Viracachá,9,0.41,Sin riesgo
2018,15,Boyacá,15897,Zetaquira,10,0.74,Sin riesgo
2018,17,Caldas,17013,Aguadas,28,0,Sin riesgo
2018,17,Caldas,17042,Anserma,41,0,Sin riesgo
2018,17,Caldas,17050,Aranzazu,10,0.33,Sin riesgo
2018,17,Caldas,17088,Belalcázar,10,0,Sin riesgo
2018,17,Caldas,17174,Chihiná,82,0.59,Sin riesgo
2018,17,Caldas,17272,Filadelfia,10,0,Sin riesgo
2018,17,Caldas,17380,La Dorada,47,0.14,Sin riesgo
2018,17,Caldas,17388,La Merced,11,0,Sin riesgo
2018,17,Caldas,17001,Manizales,193,0.63,Sin riesgo
2018,17,Caldas,17433,Manzanares,22,0,Sin riesgo
2018,17,Caldas,17442,Marmato,9,2.62,Sin riesgo
2018,17,Caldas,17444,Marquetalia,11,0.61,Sin riesgo
2018,17,Caldas,17446,Marulanda,10,11.56,Bajo
2018,17,Caldas,17486,Neira,24,1.84,Sin riesgo
2018,17,Caldas,17495,Norcasia,23,1.66,Sin riesgo
2018,17,Caldas,17513,Pácora,12,3.93,Sin riesgo
2018,17,Caldas,17524,Palestina,40,6.42,Bajo
2018,17,Caldas,17541,Pensilvania,24,2.07,Sin riesgo
2018,17,Caldas,17614,Riosucio,57,5.89,Bajo
2018,17,Caldas,17616,Risaralda,11,0,Sin riesgo
2018,17,Caldas,17653,Salamina,21,0,Sin riesgo
2018,17,Caldas,17662,Samaná,17,4.79,Sin riesgo
2018,17,Caldas,17665,San José,10,0,Sin riesgo
2018,17,Caldas,17777,Supía,41,0.17,Sin riesgo
2018,17,Caldas,17867,Victoria,11,0,Sin riesgo
2018,17,Caldas,17873,Villamaría,59,2.54,Sin riesgo
2018,17,Caldas,17877,Viterbo,18,0,Sin riesgo
2018,18,Caquetá,18029,Albania,10,1.94,Sin riesgo
2018,18,Caquetá,18094,Belén De Los Andaquíes,18,3.23,Sin riesgo
2018,18,Caquetá,18150,Cartagena Del Chairá,39,10.83,Bajo
2018,18,Caquetá,18205,Curillo,23,20.8,Medio
2018,18,Caquetá,18247,El Doello,38,12.67,Bajo
2018,18,Caquetá,18256,El Paujil,38,6.61,Bajo
2018,18,Caquetá,18001,Florencia,33,0,Sin riesgo
2018,18,Caquetá,18410,La Montañita,32,9.87,Bajo
2018,18,Caquetá,18460,Milán,17,2.38,Sin riesgo
2018,18,Caquetá,18479,Morelia,9,89.22,Inviable sanitariamente
2018,18,Caquetá,18592,Puerto Rico,38,5.26,Sin riesgo
2018,18,Caquetá,18610,San José Del Fragua,18,1.29,Sin riesgo
2018,18,Caquetá,18753,San Vicente Del Caguán,33,3.22,Sin riesgo
2018,18,Caquetá,18756,Solano,14,30.78,Medio
2018,18,Caquetá,18785,Solita,11,13.52,Bajo
2018,18,Caquetá,18860,Valparaíso,16,9.72,Bajo
2018,85,Casanare,85010,Aguazul,55,1.19,Sin riesgo
2018,85,Casanare,85015,Chameza,12,13.49,Bajo
2018,85,Casanare,85125,Hato Corozal,12,9.76,Bajo
2018,85,Casanare,85136,La Salina,12,9.46,Bajo
2018,85,Casanare,85139,Maní,12,9.69,Bajo
2018,85,Casanare,85162,Monterrey,23,9.07,Bajo
2018,85,Casanare,85225,Nuhía,19,7.2,Bajo
2018,85,Casanare,85230,Orocué,14,16.28,Medio
2018,85,Casanare,85250,Paz De Ariporo,83,15.51,Medio
2018,85,Casanare,85263,Pore,13,27,Medio
2018,85,Casanare,85279,Recetor,12,19.34,Medio
2018,85,Casanare,85300,Sabanalarga,15,16.33,Medio
2018,85,Casanare,85315,Sácama,12,3.69,Sin riesgo
2018,85,Casanare,85325,San Luis De Palenque,18,21.07,Medio
2018,85,Casanare,85400,Támara,15,38,Alto
2018,85,Casanare,85410,Tauramena,25,1.93,Sin riesgo
2018,85,Casanare,85430,Trinidad,14,49.49,Alto
2018,85,Casanare,85440,Villanueva,57,2.8,Sin riesgo
2018,85,Casanare,85001,Yopal,294,2.74,Sin riesgo
2018,19,Cauca,19022,Almaguer,41,12.85,Bajo
2018,19,Cauca,19050,Argelia,54,5.72,Bajo
2018,19,Cauca,19075,Balboa,53,2.96,Sin riesgo
2018,19,Cauca,19100,Bolívar,29,2.74,Sin riesgo
2018,19,Cauca,19110,Buenos Aires,55,10.51,Bajo
2018,19,Cauca,19130,Cajibío,50,13.68,Bajo
2018,19,Cauca,19137,Caldono,46,5.18,Bajo
2018,19,Cauca,19142,Caloto,86,10.08,Bajo
2018,19,Cauca,19212,Corinto,56,2.29,Sin riesgo
2018,19,Cauca,19256,El Tambo,43,8.31,Bajo
2018,19,Cauca,19290,Florencia,46,7.53,Bajo
2018,19,Cauca,19318,Guapi,36,4.41,Sin riesgo
2018,19,Cauca,19355,Inzá,37,0,Sin riesgo
2018,19,Cauca,19364,Jambaló,48,5.36,Bajo
2018,19,Cauca,19392,La Sierra,51,1.17,Sin riesgo
2018,19,Cauca,19418,López,5,66.22,Alto
2018,19,Cauca,19450,Mercaderes,50,11.99,Bajo
2018,19,Cauca,19455,Miranda,49,9.94,Bajo
2018,19,Cauca,19473,Morales,45,6.33,Bajo
2018,19,Cauca,19513,Padilla,33,11.92,Bajo
2018,19,Cauca,19517,Paez,55,12.04,Bajo
2018,19,Cauca,19532,Patía,38,4.01,Sin riesgo
2018,19,Cauca,19533,Piamonte,30,89,Inviable sanitariamente
2018,19,Cauca,19548,Piendamó,45,7.34,Bajo
2018,19,Cauca,19001,Popayán,254,3.18,Sin riesgo
2018,19,Cauca,19573,Puerto Tejada,29,10.48,Bajo
2018,19,Cauca,19585,Puracé,44,6.62,Bajo
2018,19,Cauca,19622,Rosas,51,6.49,Bajo
2018,19,Cauca,19693,San Sebastián,38,74.36,Alto
2018,19,Cauca,19701,Santa Rosa,54,4.5,Sin riesgo
2018,19,Cauca,19698,Santander De Quilichao,55,4.94,Sin riesgo
2018,19,Cauca,19743,Silvia,50,3.12,Sin riesgo
2018,19,Cauca,19760,Sotará,40,8.97,Bajo
2018,19,Cauca,19780,Suárez,53,16.36,Medio
2018,19,Cauca,19785,Sucre,19,5.92,Bajo
2018,19,Cauca,19807,Timbío,53,0.45,Sin riesgo
2018,19,Cauca,19809,Timbiquí,28,94.66,Inviable sanitariamente
2018,19,Cauca,19821,Toribio,50,8.96,Bajo
2018,19,Cauca,19824,Totoró,55,5.71,Bajo
2018,19,Cauca,19845,Villa Rica,13,19.35,Medio
2018,20,Cesar,20011,Aguachica,92,0,Sin riesgo
2018,20,Cesar,20013,Agustín Codazzi,49,4.11,Sin riesgo
2018,20,Cesar,20032,Astrea,12,26.27,Medio
2018,20,Cesar,20045,Becerril,22,16.95,Medio
2018,20,Cesar,20060,Bosconia,48,65.32,Alto
2018,20,Cesar,20175,Chimichagua,20,1.13,Sin riesgo
2018,20,Cesar,20178,Chiriguaná,12,1.85,Sin riesgo
2018,20,Cesar,20228,Curumaní,56,0,Sin riesgo
2018,20,Cesar,20238,El Copey,21,0,Sin riesgo
2018,20,Cesar,20295,Gamarra,11,6.93,Bajo
2018,20,Cesar,20310,González,11,84.49,Inviable sanitariamente
2018,20,Cesar,20383,La Gloria,11,8.01,Bajo
2018,20,Cesar,20400,La Jagua De Ibirico,31,8.28,Bajo
2018,20,Cesar,20621,La Paz,19,10.46,Bajo
2018,20,Cesar,20443,Manaure,7,92.06,Inviable sanitariamente
2018,20,Cesar,20517,Pailitas,23,1.14,Sin riesgo
2018,20,Cesar,20550,Pelaya,14,16.63,Medio
2018,20,Cesar,20570,Pueblo Bello,23,38.71,Alto
2018,20,Cesar,20614,Río De Oro,12,0,Sin riesgo
2018,20,Cesar,20710,San Alberto,25,1.15,Sin riesgo
2018,20,Cesar,20750,San Diego,25,4.2,Sin riesgo
2018,20,Cesar,20770,San Martín,13,13.96,Bajo
2018,20,Cesar,20787,Tamalameque,11,0.99,Sin riesgo
2018,20,Cesar,20001,Valledupar,110,0.4,Sin riesgo
2018,27,Chocó,27025,Alto Baudó,2,94.01,Inviable sanitariamente
2018,27,Chocó,27077,Bajo Baudó,3,56.25,Alto
2018,27,Chocó,27361,Condoto,2,0,Sin riesgo
2018,27,Chocó,27245,El Carmen De Atrato,2,47.61,Alto
2018,27,Chocó,27413,Lloró,4,50.14,Alto
2018,27,Chocó,27001,Quibdó,18,2.12,Sin riesgo
2018,27,Chocó,27787,Tadó,1,43.63,Alto
2018,27,Chocó,27810,Unión Panamericana,1,95.23,Inviable sanitariamente
2018,23,Córdoba,23068,Ayapel,16,6.87,Bajo
2018,23,Córdoba,23079,Buenavista,8,30.74,Medio
2018,23,Córdoba,23090,Canalete,8,64.79,Alto
2018,23,Córdoba,23162,Cereté,98,1.12,Sin riesgo
2018,23,Córdoba,23168,Chimá,8,4.6,Sin riesgo
2018,23,Córdoba,23182,Chinú,39,6.66,Bajo
2018,23,Córdoba,23300,Cotorra,9,34.71,Medio
2018,23,Córdoba,23350,La Apartada,8,32.35,Medio
2018,23,Córdoba,23417,Lorica,78,0.94,Sin riesgo
2018,23,Córdoba,23419,Los Córdobas,8,22.13,Medio
2018,23,Córdoba,23466,Montelíbano,40,4.88,Sin riesgo
2018,23,Córdoba,23001,Montería,291,0.26,Sin riesgo
2018,23,Córdoba,23500,Moñitos,16,18.45,Medio
2018,23,Córdoba,23555,Planeta Rica,40,3.67,Sin riesgo
2018,23,Córdoba,23570,Pueblo Nuevo,7,3.67,Sin riesgo
2018,23,Córdoba,23574,Puerto Escondido,8,36.83,Alto
2018,23,Córdoba,23580,Puerto Libertador,16,33.26,Medio
2018,23,Córdoba,23660,Sahagún,30,2.24,Sin riesgo
2018,23,Córdoba,23670,San Andrés Sotavento,23,1.59,Sin riesgo
2018,23,Córdoba,23675,San Bernardo Del Viento,16,45.72,Alto
2018,23,Córdoba,23682,San José de Uré,4,18.35,Medio
2018,23,Córdoba,23686,San Pelayo,16,59.42,Alto
2018,23,Córdoba,23807,Tierralta,40,14.52,Medio
2018,23,Córdoba,23855,Valencia,15,17.02,Medio
2018,25,Cundinamarca,25019,Albán,18,3.55,Sin riesgo
2018,25,Cundinamarca,25035,Anapoima,36,16.89,Medio
2018,25,Cundinamarca,25040,Anolaima,40,17.98,Medio
2018,25,Cundinamarca,25599,Apulo,14,22.09,Medio
2018,25,Cundinamarca,25053,Arbeláez,12,26.21,Medio
2018,25,Cundinamarca,25086,Beltrán,32,17.1,Medio
2018,25,Cundinamarca,25095,Bituima,12,5.18,Bajo
2018,25,Cundinamarca,25099,Bojacá,13,2.82,Sin riesgo
2018,25,Cundinamarca,25120,Cabrera,11,19.68,Medio
2018,25,Cundinamarca,25123,Cachipay,45,14.62,Medio
2018,25,Cundinamarca,25126,Cajicá,57,0.08,Sin riesgo
2018,25,Cundinamarca,25148,Caparrapí,14,12.6,Bajo
2018,25,Cundinamarca,25151,Caqueza,26,4.73,Sin riesgo
2018,25,Cundinamarca,25154,Carmen De Carupa,12,8.58,Bajo
2018,25,Cundinamarca,25168,Chaguaní,12,15.82,Medio
2018,25,Cundinamarca,25175,Chía,60,0.14,Sin riesgo
2018,25,Cundinamarca,25178,Chipaque,21,8.13,Bajo
2018,25,Cundinamarca,25181,Choachí,11,1.84,Sin riesgo
2018,25,Cundinamarca,25183,Chocontá,24,2.95,Sin riesgo
2018,25,Cundinamarca,25200,Cogua,53,20.91,Medio
2018,25,Cundinamarca,25214,Cota,57,11.86,Bajo
2018,25,Cundinamarca,25224,Cucunubá,30,3.12,Sin riesgo
2018,25,Cundinamarca,25245,El Colegio,67,13.82,Bajo
2018,25,Cundinamarca,25258,El Peñón,12,13.79,Bajo
2018,25,Cundinamarca,25260,El Rosal,24,2.22,Sin riesgo
2018,25,Cundinamarca,25269,Facatativá,68,0.85,Sin riesgo
2018,25,Cundinamarca,25279,Fomeque,29,11.41,Bajo
2018,25,Cundinamarca,25281,Fosca,14,1.31,Sin riesgo
2018,25,Cundinamarca,25286,Funza,64,2.95,Sin riesgo
2018,25,Cundinamarca,25288,Fúquene,11,8.27,Bajo
2018,25,Cundinamarca,25290,Fusagasugá,202,1.07,Sin riesgo
2018,25,Cundinamarca,25293,Gachala,12,7.25,Bajo
2018,25,Cundinamarca,25295,Gachancipá,25,10,Bajo
2018,25,Cundinamarca,25297,Gachetá,12,3.96,Sin riesgo
2018,25,Cundinamarca,25299,Gama,12,5.58,Bajo
2018,25,Cundinamarca,25307,Girardot,53,2.36,Sin riesgo
2018,25,Cundinamarca,25312,Granada,17,3.1,Sin riesgo
2018,25,Cundinamarca,25317,Guachetá,23,5.73,Bajo
2018,25,Cundinamarca,25320,Guaduas,35,2.19,Sin riesgo
2018,25,Cundinamarca,25322,Guasca,42,3.64,Sin riesgo
2018,25,Cundinamarca,25324,Guataquí,12,10.15,Bajo
2018,25,Cundinamarca,25326,Guatavita,13,8.16,Bajo
2018,25,Cundinamarca,25328,Guayabal De Siquima,12,22.24,Medio
2018,25,Cundinamarca,25335,Guayabetal,12,6.1,Bajo
2018,25,Cundinamarca,25339,Gutiérrez,12,18.89,Medio
2018,25,Cundinamarca,25368,Jerusalén,12,6.65,Bajo
2018,25,Cundinamarca,25372,Junín,12,4.42,Sin riesgo
2018,25,Cundinamarca,25377,La Calera,62,3.38,Sin riesgo
2018,25,Cundinamarca,25386,La Mesa,92,12.26,Bajo
2018,25,Cundinamarca,25394,La Palma,12,11.06,Bajo
2018,25,Cundinamarca,25398,La Peña,14,0,Sin riesgo
2018,25,Cundinamarca,25402,La Vega,25,1.01,Sin riesgo
2018,25,Cundinamarca,25407,Lenguazaque,14,6.11,Bajo
2018,25,Cundinamarca,25426,Macheta,12,11.55,Bajo
2018,25,Cundinamarca,25430,Madrid,83,5.15,Bajo
2018,25,Cundinamarca,25436,Manta,15,2.93,Sin riesgo
2018,25,Cundinamarca,25438,Medina,11,3.78,Sin riesgo
2018,25,Cundinamarca,25473,Mosquera,60,1.25,Sin riesgo
2018,25,Cundinamarca,25483,Nariño,12,18.67,Medio
2018,25,Cundinamarca,25486,Nemocón,13,8.81,Bajo
2018,25,Cundinamarca,25488,Nilo,17,0.07,Sin riesgo
2018,25,Cundinamarca,25489,Nimaima,19,3.58,Sin riesgo
2018,25,Cundinamarca,25491,Nocaima,13,7.94,Bajo
2018,25,Cundinamarca,25513,Pacho,38,0.71,Sin riesgo
2018,25,Cundinamarca,25518,Paime,13,12.92,Bajo
2018,25,Cundinamarca,25524,Pandi,12,9.81,Bajo
2018,25,Cundinamarca,25530,Paratebueno,11,19.71,Medio
2018,25,Cundinamarca,25535,Pasca,13,24.85,Medio
2018,25,Cundinamarca,25572,Puerto Salgar,22,2.55,Sin riesgo
2018,25,Cundinamarca,25580,Pulí,12,14.24,Medio
2018,25,Cundinamarca,25592,Quebradanegra,16,3.08,Sin riesgo
2018,25,Cundinamarca,25594,Quetame,11,1.96,Sin riesgo
2018,25,Cundinamarca,25596,Quipile,13,25.4,Medio
2018,25,Cundinamarca,25612,Ricaurte,12,0,Sin riesgo
2018,25,Cundinamarca,25645,San Antonio Del Tequendama,11,0.44,Sin riesgo
2018,25,Cundinamarca,25649,San Bernardo,10,5.73,Bajo
2018,25,Cundinamarca,25653,San Cayetano,13,8.96,Bajo
2018,25,Cundinamarca,25658,San Francisco,18,4.85,Sin riesgo
2018,25,Cundinamarca,25662,San Juan De Río Seco,25,9.37,Bajo
2018,25,Cundinamarca,25718,Sasaima,29,2.97,Sin riesgo
2018,25,Cundinamarca,25736,Sesquilé,12,7.76,Bajo
2018,25,Cundinamarca,25740,Sibaté,113,9.96,Bajo
2018,25,Cundinamarca,25743,Silvania,18,11.27,Bajo
2018,25,Cundinamarca,25745,Simijaca,24,5.65,Bajo
2018,25,Cundinamarca,25754,Soacha,143,0.87,Sin riesgo
2018,25,Cundinamarca,25758,Sopó,55,13.5,Bajo
2018,25,Cundinamarca,25769,Subachoque,30,8.57,Bajo
2018,25,Cundinamarca,25772,Suesca,37,5.35,Bajo
2018,25,Cundinamarca,25777,Supatá,12,6.48,Bajo
2018,25,Cundinamarca,25779,Susa,13,8.5,Bajo
2018,25,Cundinamarca,25781,Sutatausa,12,0.15,Sin riesgo
2018,25,Cundinamarca,25785,Tabio,45,6.45,Bajo
2018,25,Cundinamarca,25793,Tausa,18,4.4,Sin riesgo
2018,25,Cundinamarca,25797,Tena,35,10.18,Bajo
2018,25,Cundinamarca,25799,Tenjo,61,2.42,Sin riesgo
2018,25,Cundinamarca,25805,Tibacuy,5,3.68,Sin riesgo
2018,25,Cundinamarca,25807,Tibirita,12,11.04,Bajo
2018,25,Cundinamarca,25815,Tocaima,54,0.71,Sin riesgo
2018,25,Cundinamarca,25817,Tocancipá,43,1.12,Sin riesgo
2018,25,Cundinamarca,25823,Topaipí,12,7.7,Bajo
2018,25,Cundinamarca,25839,Ubalá,13,9.12,Bajo
2018,25,Cundinamarca,25841,Ubaque,25,15.77,Medio
2018,25,Cundinamarca,25845,Une,18,13.6,Bajo
2018,25,Cundinamarca,25851,Útica,13,5.6,Bajo
2018,25,Cundinamarca,25506,Venecia,12,23.73,Medio
2018,25,Cundinamarca,25862,Vergara,10,8.57,Bajo
2018,25,Cundinamarca,25867,Vianí,12,4.94,Sin riesgo
2018,25,Cundinamarca,25843,Villa De San Diego De Ubate,71,1.65,Sin riesgo
2018,25,Cundinamarca,25871,Villagómez,14,8.4,Bajo
2018,25,Cundinamarca,25873,Villapinzón,19,9.51,Bajo
2018,25,Cundinamarca,25875,Villeta,67,4.16,Sin riesgo
2018,25,Cundinamarca,25878,Viotá,12,7.64,Bajo
2018,25,Cundinamarca,25885,Yacopí,12,26.18,Medio
2018,25,Cundinamarca,25898,Zipacón,24,33.38,Medio
2018,25,Cundinamarca,25899,Zipaquirá,91,1.14,Sin riesgo
2018,94,Guainía,94001,Inírida,65,30.85,Medio
2018,95,Guaviare,95015,Calamar,30,5.45,Bajo
2018,95,Guaviare,95025,El Retorno,54,12.77,Bajo
2018,95,Guaviare,95200,Miraflores,28,7.33,Bajo
2018,95,Guaviare,95001,San José Del Guaviare,25,0.95,Sin riesgo
2018,41,Huila,41006,Acevedo,12,0.15,Sin riesgo
2018,41,Huila,41013,Agrado,11,5.04,Sin riesgo
2018,41,Huila,41016,Aipe,28,0.69,Sin riesgo
2018,41,Huila,41020,Algeciras,24,0.75,Sin riesgo
2018,41,Huila,41026,Altamira,12,1.61,Sin riesgo
2018,41,Huila,41078,Baraya,12,3.28,Sin riesgo
2018,41,Huila,41132,Campoalegre,59,5.26,Bajo
2018,41,Huila,41244,Elías,15,21.81,Medio
2018,41,Huila,41298,Garzón,69,9.93,Bajo
2018,41,Huila,41306,Gigante,15,3.1,Sin riesgo
2018,41,Huila,41319,Guadalupe,16,16.37,Medio
2018,41,Huila,41349,Hobo,15,14.54,Medio
2018,41,Huila,41357,Iquira,12,1.51,Sin riesgo
2018,41,Huila,41359,Isnos,12,0,Sin riesgo
2018,41,Huila,41378,La Argentina,12,16.54,Medio
2018,41,Huila,41396,La Plata,60,0,Sin riesgo
2018,41,Huila,41483,Nátaga,15,17.23,Medio
2018,41,Huila,41001,Neiva,107,6.37,Bajo
2018,41,Huila,41503,Oporapa,12,0,Sin riesgo
2018,41,Huila,41518,Paicol,12,3.23,Sin riesgo
2018,41,Huila,41524,Palermo,53,3.83,Sin riesgo
2018,41,Huila,41530,Palestina,12,1.92,Sin riesgo
2018,41,Huila,41548,Pital,13,4.47,Sin riesgo
2018,41,Huila,41551,Pitalito,60,0,Sin riesgo
2018,41,Huila,41615,Rivera,25,4.79,Sin riesgo
2018,41,Huila,41660,Saladoblao,12,1.61,Sin riesgo
2018,41,Huila,41668,San Agustín,24,0.81,Sin riesgo
2018,41,Huila,41676,Santa María,9,2.15,Sin riesgo
2018,41,Huila,41770,Suaza,12,0,Sin riesgo
2018,41,Huila,41791,Tarqui,11,20.29,Medio
2018,41,Huila,41799,Tello,13,3.57,Sin riesgo
2018,41,Huila,41801,Teruel,13,6.76,Bajo
2018,41,Huila,41797,Tesalia,25,1.08,Sin riesgo
2018,41,Huila,41807,Timaná,12,0,Sin riesgo
2018,41,Huila,41872,Villavieja,39,4.04,Sin riesgo
2018,41,Huila,41885,Yaguará,39,8.98,Bajo
2018,44,La Guajira,44035,Albania,9,15.05,Medio
2018,44,La Guajira,44078,Barrancas,14,32.16,Medio
2018,44,La Guajira,44090,Dibulla,16,78.86,Alto
2018,44,La Guajira,44098,Distracción,9,2.15,Sin riesgo
2018,44,La Guajira,44110,El Molino,7,10.14,Bajo
2018,44,La Guajira,44279,Fonseca,17,0,Sin riesgo
2018,44,La Guajira,44378,Hato Nuevo,13,15.88,Medio
2018,44,La Guajira,44420,La Jagua Del Pilar,8,16.13,Medio
2018,44,La Guajira,44430,Maicao,32,4.84,Sin riesgo
2018,44,La Guajira,44560,Manaure,14,16.13,Medio
2018,44,La Guajira,44001,Riohacha,180,7.35,Bajo
2018,44,La Guajira,44650,San Juan Del Cesar,20,4.9,Sin riesgo
2018,44,La Guajira,44847,Uribia,18,7.53,Bajo
2018,44,La Guajira,44855,Urumita,10,14.84,Medio
2018,44,La Guajira,44874,Villanueva,17,4.17,Sin riesgo
2018,47,Magdalena,47030,Algarrobo,54,41.61,Alto
2018,47,Magdalena,47053,Aracataca,48,6.54,Bajo
2018,47,Magdalena,47058,Ariguaní,41,22.89,Medio
2018,47,Magdalena,47161,Cerro San Antonio,23,21.32,Medio
2018,47,Magdalena,47170,Chibolo,23,47.91,Alto
2018,47,Magdalena,47189,Ciénaga,77,7.11,Bajo
2018,47,Magdalena,47205,Concordia,18,13.76,Bajo
2018,47,Magdalena,47245,El Banco,61,11.88,Bajo
2018,47,Magdalena,47258,El Piñon,57,29.99,Medio
2018,47,Magdalena,47268,El Retén,37,36.88,Alto
2018,47,Magdalena,47288,Fundación,45,17.99,Medio
2018,47,Magdalena,47318,Guamal,19,31.5,Medio
2018,47,Magdalena,47460,Nueva Granada,14,40.84,Alto
2018,47,Magdalena,47541,Pedraza,22,38.64,Alto
2018,47,Magdalena,47545,Pijiño Del Carmen,19,31.85,Medio
2018,47,Magdalena,47551,Pivijay,48,14.69,Medio
2018,47,Magdalena,47555,Plato,30,13.05,Bajo
2018,47,Magdalena,47570,Puebloviejo,20,44.48,Alto
2018,47,Magdalena,47605,Remolino,22,61.94,Alto
2018,47,Magdalena,47660,Sabanas De San Angel,24,17.8,Medio
2018,47,Magdalena,47675,Salamina,27,18.15,Medio
2018,47,Magdalena,47692,San Sebastián De Buenavista,24,20.39,Medio
2018,47,Magdalena,47703,San Zenón,14,34.65,Medio
2018,47,Magdalena,47707,Santa Ana,41,45.41,Alto
2018,47,Magdalena,47720,Santa Bárbara De Pinto,19,27.22,Medio
2018,47,Magdalena,47001,Santa Marta,341,6.08,Bajo
2018,47,Magdalena,47745,Sitionuevo,40,41.53,Alto
2018,47,Magdalena,47798,Tenerife,21,30.33,Medio
2018,47,Magdalena,47960,Zapayán,21,34.73,Medio
2018,47,Magdalena,47980,Zona Bananera,22,40.87,Alto
2018,50,Meta,50006,Acacías,45,5.82,Bajo
2018,50,Meta,50110,Barraa De Upía,9,18.46,Medio
2018,50,Meta,50124,Cabuyaro,6,0,Sin riesgo
2018,50,Meta,50150,Castilla La Nueva,9,2.83,Sin riesgo
2018,50,Meta,50223,Cubarral,8,83.35,Inviable sanitariamente
2018,50,Meta,50226,Cumaral,18,1.21,Sin riesgo
2018,50,Meta,50245,El Calvario,8,48.55,Alto
2018,50,Meta,50251,El Castillo,9,68.79,Alto
2018,50,Meta,50270,El Dorado,8,0,Sin riesgo
2018,50,Meta,50287,Fuente De Oro,3,9.98,Bajo
2018,50,Meta,50313,Granada,16,38.47,Alto
2018,50,Meta,50318,Guamal,18,5.17,Bajo
2018,50,Meta,50350,La Macarena,8,10.18,Bajo
2018,50,Meta,50400,Lejanías,9,16.33,Medio
2018,50,Meta,50325,Mapiripán,1,0,Sin riesgo
2018,50,Meta,50330,Mesetas,9,86.52,Inviable sanitariamente
2018,50,Meta,50568,Puerto Gaitán,9,2.22,Sin riesgo
2018,50,Meta,50577,Puerto Lleras,8,0.17,Sin riesgo
2018,50,Meta,50573,Puerto López,28,65.77,Alto
2018,50,Meta,50590,Puerto Rico,9,0.15,Sin riesgo
2018,50,Meta,50606,Restrepo,27,2.53,Sin riesgo
2018,50,Meta,50680,San Carlos De Guaroa,5,9.41,Bajo
2018,50,Meta,50683,San Juan De Arama,8,7.82,Bajo
2018,50,Meta,50686,San Juanito,8,24.37,Medio
2018,50,Meta,50689,San Martín,19,23.56,Medio
2018,50,Meta,50370,Uribe,6,23.05,Medio
2018,50,Meta,50001,Villaviceio,137,3.9,Sin riesgo
2018,50,Meta,50711,Vista Hermosa,9,35.73,Alto
2018,52,Nariño,52019,Albán,12,4.36,Sin riesgo
2018,52,Nariño,52022,Aldana,21,22.3,Medio
2018,52,Nariño,52051,Arboleda,18,56.02,Alto
2018,52,Nariño,52083,Belén,17,30.7,Medio
2018,52,Nariño,52110,Buesaco,38,16.43,Medio
2018,52,Nariño,52240,Chachagüí,17,13.67,Bajo
2018,52,Nariño,52207,Consaca,8,45.72,Alto
2018,52,Nariño,52210,Contadero,6,7.75,Bajo
2018,52,Nariño,52215,Córdoba,12,25.41,Medio
2018,52,Nariño,52224,Cuaspud,15,38.47,Alto
2018,52,Nariño,52227,Cumbal,11,3.17,Sin riesgo
2018,52,Nariño,52233,Cumbitara,7,0,Sin riesgo
2018,52,Nariño,52254,El Peñol,6,14.81,Medio
2018,52,Nariño,52256,El Rosario,6,5.78,Bajo
2018,52,Nariño,52258,El Tablón De Gómez,8,53.07,Alto
2018,52,Nariño,52260,El Tambo,4,21.54,Medio
2018,52,Nariño,52287,Funes,16,18.5,Medio
2018,52,Nariño,52317,Guachucal,12,3.2,Sin riesgo
2018,52,Nariño,52320,Guaitarilla,13,9.7,Bajo
2018,52,Nariño,52323,Gualmatán,23,30.34,Medio
2018,52,Nariño,52352,Iles,5,37.5,Alto
2018,52,Nariño,52354,Imués,1,17.44,Medio
2018,52,Nariño,52356,Ipiales,54,6.4,Bajo
2018,52,Nariño,52378,La Cruz,12,3.78,Sin riesgo
2018,52,Nariño,52381,La Florida,13,19.73,Medio
2018,52,Nariño,52385,La Llanada,12,6.75,Bajo
2018,52,Nariño,52390,La Tola,3,29.94,Medio
2018,52,Nariño,52399,La Unión,14,7.99,Bajo
2018,52,Nariño,52405,Leiva,11,29.19,Medio
2018,52,Nariño,52411,Linares,12,8.46,Bajo
2018,52,Nariño,52418,Los Andes,17,26.9,Medio
2018,52,Nariño,52427,Magüi,3,68.31,Alto
2018,52,Nariño,52473,Mosquera,5,7.73,Bajo
2018,52,Nariño,52480,Nariño,16,11.04,Bajo
2018,52,Nariño,52490,Olaya Herrera,12,22.82,Medio
2018,52,Nariño,52506,Ospina,12,7.57,Bajo
2018,52,Nariño,52001,Pasto,134,2.79,Sin riesgo
2018,52,Nariño,52540,Policarpa,13,36.54,Alto
2018,52,Nariño,52560,Potosí,11,17.27,Medio
2018,52,Nariño,52565,Providencia,13,35.9,Alto
2018,52,Nariño,52573,Puerres,16,9.92,Bajo
2018,52,Nariño,52585,Pupiales,18,29.18,Medio
2018,52,Nariño,52612,Ricaurte,45,61.64,Alto
2018,52,Nariño,52621,Roberto Payán,7,71.66,Alto
2018,52,Nariño,52678,Samaniego,28,64.52,Alto
2018,52,Nariño,52835,San Andres De Tumaco,35,19.64,Medio
2018,52,Nariño,52685,San Bernardo,2,0,Sin riesgo
2018,52,Nariño,52693,San Pablo,12,3.2,Sin riesgo
2018,52,Nariño,52694,San Pedro De Cartago,22,8.37,Bajo
2018,52,Nariño,52683,Sandoná,58,3.13,Sin riesgo
2018,52,Nariño,52696,Santa Bárbara,5,14.39,Medio
2018,52,Nariño,52720,Sapuyes,12,6.57,Bajo
2018,52,Nariño,52786,Taminango,11,34.89,Medio
2018,52,Nariño,52788,Tangua,12,46.52,Alto
2018,52,Nariño,52838,Túquerres,8,5.88,Bajo
2018,52,Nariño,52885,Yacuanquer,5,19.96,Medio
2018,54,Norte de Santander,54003,Abrego,8,2.45,Sin riesgo
2018,54,Norte de Santander,54051,Arboledas,8,0,Sin riesgo
2018,54,Norte de Santander,54099,Bochalema,8,30.56,Medio
2018,54,Norte de Santander,54109,Bucarasica,7,28.34,Medio
2018,54,Norte de Santander,54128,Cachirá,8,16.92,Medio
2018,54,Norte de Santander,54125,Cácota,4,6.2,Bajo
2018,54,Norte de Santander,54172,Chinácota,11,10.58,Bajo
2018,54,Norte de Santander,54174,Chitagá,6,14.65,Medio
2018,54,Norte de Santander,54206,Convención,8,2.84,Sin riesgo
2018,54,Norte de Santander,54001,Cúcuta,74,2.62,Sin riesgo
2018,54,Norte de Santander,54223,Cucutilla,4,6.2,Bajo
2018,54,Norte de Santander,54239,Durania,7,7.04,Bajo
2018,54,Norte de Santander,54245,El Carmen,10,8.76,Bajo
2018,54,Norte de Santander,54261,El Zulia,11,2.25,Sin riesgo
2018,54,Norte de Santander,54313,Gramalote,7,0,Sin riesgo
2018,54,Norte de Santander,54344,Hacarí,6,7.53,Bajo
2018,54,Norte de Santander,54347,Herrán,6,0,Sin riesgo
2018,54,Norte de Santander,54385,La Esperanza,4,10.07,Bajo
2018,54,Norte de Santander,54398,La Playa,3,0,Sin riesgo
2018,54,Norte de Santander,54377,Labateca,5,0.39,Sin riesgo
2018,54,Norte de Santander,54405,Los Patios,50,0.83,Sin riesgo
2018,54,Norte de Santander,54418,Lourdes,6,19.01,Medio
2018,54,Norte de Santander,54480,Mutiscua,5,0.33,Sin riesgo
2018,54,Norte de Santander,54498,Ocaña,32,0,Sin riesgo
2018,54,Norte de Santander,54518,Pamplona,28,0,Sin riesgo
2018,54,Norte de Santander,54520,Pamplonita,6,4.13,Sin riesgo
2018,54,Norte de Santander,54553,Puerto Santander,7,0,Sin riesgo
2018,54,Norte de Santander,54599,Ragonvalia,6,4.13,Sin riesgo
2018,54,Norte de Santander,54660,Salazar,6,4.13,Sin riesgo
2018,54,Norte de Santander,54670,San Calixto,5,0.41,Sin riesgo
2018,54,Norte de Santander,54673,San Cayetano,9,0,Sin riesgo
2018,54,Norte de Santander,54680,Santiago,5,9.09,Bajo
2018,54,Norte de Santander,54720,Sardinata,8,14.33,Medio
2018,54,Norte de Santander,54743,Silos,7,3.31,Sin riesgo
2018,54,Norte de Santander,54800,Teorama,4,15.24,Medio
2018,54,Norte de Santander,54810,Tibú,11,0,Sin riesgo
2018,54,Norte de Santander,54820,Toledo,8,3.96,Sin riesgo
2018,54,Norte de Santander,54871,Villa Caro,4,11.1,Bajo
2018,54,Norte de Santander,54874,Villa Del Rosario,28,8.37,Bajo
2018,86,Putumayo,86573,Leguízamo,22,5.72,Bajo
2018,86,Putumayo,86001,Mocoa,62,30.37,Medio
2018,86,Putumayo,86320,Orito,21,5.99,Bajo
2018,86,Putumayo,86568,Puerto Asís,22,28.54,Medio
2018,86,Putumayo,86569,Puerto Caicedo,30,3.91,Sin riesgo
2018,86,Putumayo,86571,Puerto Guzmán,21,56.54,Alto
2018,86,Putumayo,86755,San Francisco,21,38.49,Alto
2018,86,Putumayo,86757,San Miguel,23,54.06,Alto
2018,86,Putumayo,86760,Santiago,21,16.85,Medio
2018,86,Putumayo,86749,Sibundoy,22,32.73,Medio
2018,86,Putumayo,86865,Valle Del Guamuez,22,8.14,Bajo
2018,86,Putumayo,86885,Villagarzón,22,5.72,Bajo
2018,63,Quindio,63001,Armenia,121,2.12,Sin riesgo
2018,63,Quindio,63111,Buenavista,27,0,Sin riesgo
2018,63,Quindio,63130,Calarca,75,1.07,Sin riesgo
2018,63,Quindio,63190,Circasia,44,0.88,Sin riesgo
2018,63,Quindio,63212,Córdoba,20,1.83,Sin riesgo
2018,63,Quindio,63272,Filandia,29,6.88,Bajo
2018,63,Quindio,63302,Génova,32,8.03,Bajo
2018,63,Quindio,63401,La Tebaida,43,1.94,Sin riesgo
2018,63,Quindio,63470,Montenegro,39,3.27,Sin riesgo
2018,63,Quindio,63548,Pijao,21,3.89,Sin riesgo
2018,63,Quindio,63594,Quimbaya,40,4.03,Sin riesgo
2018,63,Quindio,63690,Salento,35,5.07,Bajo
2018,66,Risaralda,66045,Apía,24,0,Sin riesgo
2018,66,Risaralda,66075,Balboa,3,45.83,Alto
2018,66,Risaralda,66088,Belén De Umbría,39,20.51,Medio
2018,66,Risaralda,66170,Dosquebradas,448,1.45,Sin riesgo
2018,66,Risaralda,66318,Guática,21,1.79,Sin riesgo
2018,66,Risaralda,66383,La Celia,25,4,Sin riesgo
2018,66,Risaralda,66400,La Virginia,70,0,Sin riesgo
2018,66,Risaralda,66440,Marsella,26,0,Sin riesgo
2018,66,Risaralda,66456,Mistrató,22,4.55,Sin riesgo
2018,66,Risaralda,66001,Pereira,504,0.2,Sin riesgo
2018,66,Risaralda,66572,Pueblo Rico,22,0,Sin riesgo
2018,66,Risaralda,66594,Quinchía,23,0,Sin riesgo
2018,66,Risaralda,66682,Santa Rosa De Cabal,81,1.23,Sin riesgo
2018,66,Risaralda,66687,Santuario,22,0,Sin riesgo
2018,68,Santander,68013,Aguada,11,37.28,Alto
2018,68,Santander,68020,Albania,13,5.99,Bajo
2018,68,Santander,68051,Aratoca,10,2.55,Sin riesgo
2018,68,Santander,68077,Barbosa,22,10.09,Bajo
2018,68,Santander,68079,Barichara,11,2.53,Sin riesgo
2018,68,Santander,68081,Barraabermeja,113,1.56,Sin riesgo
2018,68,Santander,68092,Betulia,12,2.12,Sin riesgo
2018,68,Santander,68101,Bolívar,12,3.93,Sin riesgo
2018,68,Santander,68001,Bucaramanga,415,0.09,Sin riesgo
2018,68,Santander,68121,Cabrera,12,6.92,Bajo
2018,68,Santander,68132,California,12,4.76,Sin riesgo
2018,68,Santander,68147,Capitanejo,11,2.02,Sin riesgo
2018,68,Santander,68152,Carcasí,12,4.7,Sin riesgo
2018,68,Santander,68160,Cepitá,4,0.61,Sin riesgo
2018,68,Santander,68162,Cerrito,14,19.91,Medio
2018,68,Santander,68167,Charalá,8,0.37,Sin riesgo
2018,68,Santander,68169,Charta,13,9.73,Bajo
2018,68,Santander,68176,Chima,12,4.13,Sin riesgo
2018,68,Santander,68179,Chipatá,11,5.83,Bajo
2018,68,Santander,68190,Cimitarra,19,4.41,Sin riesgo
2018,68,Santander,68207,Coepción,12,7.84,Bajo
2018,68,Santander,68209,Confines,7,0.19,Sin riesgo
2018,68,Santander,68211,Contratación,13,3.62,Sin riesgo
2018,68,Santander,68217,Coromoro,12,2.81,Sin riesgo
2018,68,Santander,68229,Curití,17,2.65,Sin riesgo
2018,68,Santander,68235,El Carmen De Chucurí,10,3.22,Sin riesgo
2018,68,Santander,68245,El Guacamayo,12,9.45,Bajo
2018,68,Santander,68250,El Peñón,11,12.08,Bajo
2018,68,Santander,68255,El Playón,11,57.64,Alto
2018,68,Santander,68264,Encino,11,14.89,Medio
2018,68,Santander,68266,Enciso,11,3.4,Sin riesgo
2018,68,Santander,68271,Florián,12,30.34,Medio
2018,68,Santander,68276,Floridablaa,71,0.2,Sin riesgo
2018,68,Santander,68296,Galán,12,1.98,Sin riesgo
2018,68,Santander,68298,Gambita,12,29.18,Medio
2018,68,Santander,68307,Girón,57,0.07,Sin riesgo
2018,68,Santander,68318,Guaca,12,12.81,Bajo
2018,68,Santander,68320,Guadalupe,10,3.16,Sin riesgo
2018,68,Santander,68322,Guapotá,6,11.51,Bajo
2018,68,Santander,68324,Guavatá,12,8.98,Bajo
2018,68,Santander,68327,Güepsa,11,5.43,Bajo
2018,68,Santander,68344,Hato,11,7.29,Bajo
2018,68,Santander,68368,Jesús María,4,27.88,Medio
2018,68,Santander,68370,Jordán,11,76.33,Alto
2018,68,Santander,68377,La Belleza,12,18.22,Medio
2018,68,Santander,68397,La Paz,10,2.73,Sin riesgo
2018,68,Santander,68385,Landázuri,11,6.21,Bajo
2018,68,Santander,68406,Lebrija,29,0.07,Sin riesgo
2018,68,Santander,68418,Los Santos,10,4.24,Sin riesgo
2018,68,Santander,68425,Macaravita,8,0,Sin riesgo
2018,68,Santander,68432,Málaga,10,5.13,Bajo
2018,68,Santander,68444,Matanza,9,6.78,Bajo
2018,68,Santander,68464,Mogotes,12,0.22,Sin riesgo
2018,68,Santander,68468,Molagavita,12,23.03,Medio
2018,68,Santander,68498,Ocamonte,11,3.43,Sin riesgo
2018,68,Santander,68500,Oiba,9,3.37,Sin riesgo
2018,68,Santander,68502,Onzaga,4,17.7,Medio
2018,68,Santander,68522,Palmar,11,2.36,Sin riesgo
2018,68,Santander,68524,Palmas Del Socorro,14,1.86,Sin riesgo
2018,68,Santander,68533,Páramo,12,5.27,Bajo
2018,68,Santander,68547,Piedecuesta,195,2.33,Sin riesgo
2018,68,Santander,68549,Picnhote,11,1.6,Sin riesgo
2018,68,Santander,68572,Puente Nacional,10,9.64,Bajo
2018,68,Santander,68573,Puerto Parra,10,18.35,Medio
2018,68,Santander,68575,Puerto Wilches,19,15.27,Medio
2018,68,Santander,68615,Rionegro,12,7.68,Bajo
2018,68,Santander,68655,Sabana De Torres,44,6.07,Bajo
2018,68,Santander,68669,San Andrés,11,2.53,Sin riesgo
2018,68,Santander,68673,San Benito,7,27.99,Medio
2018,68,Santander,68679,San Gil,37,1.74,Sin riesgo
2018,68,Santander,68682,San Joaquín,9,7.5,Bajo
2018,68,Santander,68684,San José De Miranda,12,12.66,Bajo
2018,68,Santander,68686,San Miguel,12,7.65,Bajo
2018,68,Santander,68689,San Vicente De Chucurí,50,18.85,Medio
2018,68,Santander,68705,Santa Bárbara,12,9.37,Bajo
2018,68,Santander,68720,Santa Helena Del Opón,12,15.56,Medio
2018,68,Santander,68745,Simacota,12,1.63,Sin riesgo
2018,68,Santander,68755,Socorro,58,0.45,Sin riesgo
2018,68,Santander,68770,Suaita,23,24.43,Medio
2018,68,Santander,68773,Sucre,8,28.16,Medio
2018,68,Santander,68780,Suratá,13,16.52,Medio
2018,68,Santander,68820,Tona,11,10.24,Bajo
2018,68,Santander,68855,Valle De San José,10,5.53,Bajo
2018,68,Santander,68861,Vélez,13,3.69,Sin riesgo
2018,68,Santander,68867,Vetas,11,12.3,Bajo
2018,68,Santander,68872,Villanueva,11,2.77,Sin riesgo
2018,68,Santander,68895,Zapatoca,14,26.95,Medio
2018,70,Sucre,70110,Buenavista,22,32.39,Medio
2018,70,Sucre,70124,Caimito,28,27.68,Medio
2018,70,Sucre,70230,Chalán,34,6.99,Bajo
2018,70,Sucre,70204,Coloso,35,15.36,Medio
2018,70,Sucre,70215,Corozal,47,0,Sin riesgo
2018,70,Sucre,70221,Coveñas,35,6.07,Bajo
2018,70,Sucre,70235,Galeras,25,12,Bajo
2018,70,Sucre,70265,Guaranda,27,65.74,Alto
2018,70,Sucre,70400,La Unión,14,19.64,Medio
2018,70,Sucre,70418,Los Palmitos,34,16.54,Medio
2018,70,Sucre,70429,Majagual,12,30.21,Medio
2018,70,Sucre,70473,Morroa,51,20.83,Medio
2018,70,Sucre,70523,Palmito,22,1.7,Sin riesgo
2018,70,Sucre,70670,Sampués,32,12.11,Bajo
2018,70,Sucre,70678,San Benito Abad,48,4.17,Sin riesgo
2018,70,Sucre,70702,San Juan De Betulia,19,34.21,Medio
2018,70,Sucre,70742,San Luis De Sincé,44,0.85,Sin riesgo
2018,70,Sucre,70708,San Marcos,90,2.08,Sin riesgo
2018,70,Sucre,70713,San Onofre,36,8.68,Bajo
2018,70,Sucre,70717,San Pedro,21,4.76,Sin riesgo
2018,70,Sucre,70820,Santiago De Tolú,40,3.75,Sin riesgo
2018,70,Sucre,70001,Sincelejo,53,0.71,Sin riesgo
2018,70,Sucre,70771,Sucre,17,11.03,Bajo
2018,70,Sucre,70823,Tolú Viejo,17,64.71,Alto
2018,73,Tolima,73024,Alpujarra,15,36.89,Alto
2018,73,Tolima,73026,Alvarado,20,20.82,Medio
2018,73,Tolima,73030,Ambalema,14,1.57,Sin riesgo
2018,73,Tolima,73043,Anzoátegui,20,1.63,Sin riesgo
2018,73,Tolima,73055,Armero,26,1.24,Sin riesgo
2018,73,Tolima,73067,Ataco,12,88.53,Inviable sanitariamente
2018,73,Tolima,73124,Cajamarca,13,86.52,Inviable sanitariamente
2018,73,Tolima,73148,Carmen De Apicalá,22,3.02,Sin riesgo
2018,73,Tolima,73152,Casabianca,18,0.06,Sin riesgo
2018,73,Tolima,73168,Chaparral,25,0.09,Sin riesgo
2018,73,Tolima,73200,Coello,9,1.91,Sin riesgo
2018,73,Tolima,73217,Coyaima,14,17.01,Medio
2018,73,Tolima,73226,Cunday,17,1.33,Sin riesgo
2018,73,Tolima,73236,Dolores,24,8.04,Bajo
2018,73,Tolima,73268,Espinal,47,0.34,Sin riesgo
2018,73,Tolima,73270,Falan,3,0,Sin riesgo
2018,73,Tolima,73275,Flandes,45,6.86,Bajo
2018,73,Tolima,73283,Fresno,13,1.24,Sin riesgo
2018,73,Tolima,73319,Guamo,19,1.7,Sin riesgo
2018,73,Tolima,73347,Herveo,19,3.75,Sin riesgo
2018,73,Tolima,73349,Honda,50,2.21,Sin riesgo
2018,73,Tolima,73001,Ibagué,264,35.71,Alto
2018,73,Tolima,73352,Icononzo,18,7.48,Bajo
2018,73,Tolima,73408,Lérida,18,14.63,Medio
2018,73,Tolima,73411,Líbano,42,0.13,Sin riesgo
2018,73,Tolima,73443,Mariquita,12,1.46,Sin riesgo
2018,73,Tolima,73449,Melgar,40,3.93,Sin riesgo
2018,73,Tolima,73461,Murillo,17,2.56,Sin riesgo
2018,73,Tolima,73483,Natagaima,8,0,Sin riesgo
2018,73,Tolima,73504,Ortega,19,0.27,Sin riesgo
2018,73,Tolima,73520,Palocabildo,17,7.74,Bajo
2018,73,Tolima,73547,Piedras,14,14.26,Medio
2018,73,Tolima,73555,Planadas,22,90.49,Inviable sanitariamente
2018,73,Tolima,73563,Prado,25,47.71,Alto
2018,73,Tolima,73585,Purificación,27,0.24,Sin riesgo
2018,73,Tolima,73616,Rioblanco,15,4.72,Sin riesgo
2018,73,Tolima,73622,Roesvalles,6,80.26,Inviable sanitariamente
2018,73,Tolima,73624,Rovira,24,30,Medio
2018,73,Tolima,73671,Saldaña,24,8.08,Bajo
2018,73,Tolima,73675,San Antonio,9,0,Sin riesgo
2018,73,Tolima,73678,San Luis,21,0.06,Sin riesgo
2018,73,Tolima,73686,Santa Isabel,15,87.95,Inviable sanitariamente
2018,73,Tolima,73770,Suárez,9,41.59,Alto
2018,73,Tolima,73854,Valle De San Juan,19,82.32,Inviable sanitariamente
2018,73,Tolima,73861,Venadillo,24,0.74,Sin riesgo
2018,73,Tolima,73870,Villahermosa,15,0,Sin riesgo
2018,73,Tolima,73873,Villarrica,25,92.11,Inviable sanitariamente
2018,76,Valle del Cauca,76020,Alcalá,38,15.5,Medio
2018,76,Valle del Cauca,76036,Andalucía,23,0.38,Sin riesgo
2018,76,Valle del Cauca,76041,Ansermanuevo,26,0.93,Sin riesgo
2018,76,Valle del Cauca,76054,Argelia,15,11.66,Bajo
2018,76,Valle del Cauca,76100,Bolívar,20,23.85,Medio
2018,76,Valle del Cauca,76109,Buenaventura,88,2.51,Sin riesgo
2018,76,Valle del Cauca,76113,Bugalagrande,28,0.99,Sin riesgo
2018,76,Valle del Cauca,76122,Caicedonia,60,0.02,Sin riesgo
2018,76,Valle del Cauca,76001,Cali,224,0.96,Sin riesgo
2018,76,Valle del Cauca,76126,Calima,30,23.5,Medio
2018,76,Valle del Cauca,76130,Candelaria,251,6.02,Bajo
2018,76,Valle del Cauca,76147,Cartago,70,0,Sin riesgo
2018,76,Valle del Cauca,76233,Dagua,61,8.55,Bajo
2018,76,Valle del Cauca,76243,El Águila,19,22.89,Medio
2018,76,Valle del Cauca,76246,El Cairo,11,0,Sin riesgo
2018,76,Valle del Cauca,76248,El Cerrito,91,0.3,Sin riesgo
2018,76,Valle del Cauca,76250,El Dovio,13,5.15,Bajo
2018,76,Valle del Cauca,76275,Florida,61,0.57,Sin riesgo
2018,76,Valle del Cauca,76306,Ginebra,38,7.43,Bajo
2018,76,Valle del Cauca,76318,Guacarí,66,3.67,Sin riesgo
2018,76,Valle del Cauca,76111,Guadalajara De Buga,56,1.35,Sin riesgo
2018,76,Valle del Cauca,76364,Jamundí,162,2.23,Sin riesgo
2018,76,Valle del Cauca,76377,La Cumbre,53,3.42,Sin riesgo
2018,76,Valle del Cauca,76400,La Unión,77,6.79,Bajo
2018,76,Valle del Cauca,76403,La Victoria,24,0.14,Sin riesgo
2018,76,Valle del Cauca,76497,Obando,26,5.96,Bajo
2018,76,Valle del Cauca,76520,Palmira,162,7.74,Bajo
2018,76,Valle del Cauca,76563,Pradera,61,0.68,Sin riesgo
2018,76,Valle del Cauca,76606,Restrepo,16,15.12,Medio
2018,76,Valle del Cauca,76616,Riofrío,24,3.03,Sin riesgo
2018,76,Valle del Cauca,76622,Roldanillo,63,0.49,Sin riesgo
2018,76,Valle del Cauca,76670,San Pedro,30,2.12,Sin riesgo
2018,76,Valle del Cauca,76736,Sevilla,67,4.22,Sin riesgo
2018,76,Valle del Cauca,76823,Toro,12,0.55,Sin riesgo
2018,76,Valle del Cauca,76828,Trujillo,15,4.89,Sin riesgo
2018,76,Valle del Cauca,76834,Tuluá,152,2.32,Sin riesgo
2018,76,Valle del Cauca,76845,Ulloa,19,6.45,Bajo
2018,76,Valle del Cauca,76863,Versalles,12,3.74,Sin riesgo
2018,76,Valle del Cauca,76869,Vijes,12,0.58,Sin riesgo
2018,76,Valle del Cauca,76890,Yotoco,19,14.52,Medio
2018,76,Valle del Cauca,76892,Yumbo,107,13.79,Bajo
2018,76,Valle del Cauca,76895,Zarzal,77,4.12,Sin riesgo
2018,97,Vaupés,97161,Caruru,8,14.06,Medio
2018,97,Vaupés,97001,Mitú,57,28.95,Medio
2018,97,Vaupés,97666,Taraira,32,55.86,Alto
2018,99,Vichada,99773,Cumaribo,99,27.43,Medio
2018,99,Vichada,99524,La Primavera,72,25.45,Medio
2018,99,Vichada,99001,Puerto Carreño,73,1.62,Sin riesgo
2018,99,Vichada,99624,Santa Rosalía,60,10,Bajo
